showTitle,h2Title
Kids,
Search,
Game of Thrones,
Girls,
Getting On,
Last Week Tonight with John Oliver,
The Leftovers,
Project Greenlight,
Real Time with Bill Maher,
Togetherness,
VICE,
Vinyl,
Angry Boys,
MINISERIES,
Animals.,
Ballers,
Band of Brothers,
MINISERIES,
Big Love,
Boardwalk Empire,
Bored to Death,
The Brink,
The Casual Vacancy,
MINISERIES,
The Comeback,
Curb Your Enthusiasm,
Deadwood,
Divorce,
Doll & Em,
Eastbound & Down,
El Perro y El Gato,
HBO Latino,
Enlightened,
Entourage,
Family Tree,
Flight of the Conchords,
Foo Fighters Sonic Highways,
Funny or Die Presents,
Game of Thrones,
Girls,
Getting On,
Hello Ladies,
How to Make It in America,
Hung,
Kids,
In Treatment,
Ja'mie:Private School Girl,
The Jinx: The Life and Deaths of Robert Durst,
John Adams,
MINISERIES,
Jonah From Tonga,
Last Week Tonight with John Oliver,
The Leftovers,
Search,
Game of Thrones,
Girls,
Getting On,
Last Week Tonight with John Oliver,
The Leftovers,
Project Greenlight,
Real Time with Bill Maher,
Togetherness,
VICE,
Vinyl,
Angry Boys,
The Life & Times of Tim,
Life's Too Short,
Little Britain USA,
Looking,
Luck,
Mildred Pierce,
MINISERIES,
The Newsroom,
Olive Kitteridge,
Kids,
Kids,
MINISERIES,
Animals.,
Ballers,
Band of Brothers,
MINISERIES,
Big Love,
Boardwalk Empire,
Bored to Death,
The Brink,
The Casual Vacancy,
MINISERIES,
The Pacific,
MINISERIES,
Parade's End,
MINISERIES,
Search,
Game of Thrones,
Girls,
Search,
Game of Thrones,
Girls,
Getting On,
Last Week Tonight with John Oliver,
The Leftovers,
Project Greenlight,
Real Time with Bill Maher,
Togetherness,
VICE,
Vinyl,
MINISERIES,
The Comeback,
Curb Your Enthusiasm,
Deadwood,
Divorce,
Doll & Em,
Project Greenlight,
Real Sports with Bryant Gumbel,
Real Time with Bill Maher,
Seeing Red,
Sex and the City,
Show Me a Hero,
MINISERIES,
Silicon Valley,
Six Feet Under,
Kids,
Kids,
Getting On,
Last Week Tonight with John Oliver,
The Leftovers,
Project Greenlight,
Real Time with Bill Maher,
Togetherness,
VICE,
Angry Boys,
MINISERIES,
Animals.,
Ballers,
Band of Brothers,
MINISERIES,
Big Love,
Boardwalk Empire,
Eastbound & Down,
El Perro y El Gato,
HBO Latino,
Enlightened,
The Sopranos,
Summer Heights High,
MINISERIES,
Togetherness,
Treme,
True Blood,
True Detective,
Search,
Game of Thrones,
Girls,
Getting On,
Last Week Tonight with John Oliver,
The Leftovers,
Project Greenlight,
Real Time with Bill Maher,
Togetherness,
VICE,
Search,
Game of Thrones,
Girls,
Getting On,
Last Week Tonight with John Oliver,
The Leftovers,
Project Greenlight,
Real Time with Bill Maher,
Togetherness,
VICE,
Vinyl,
Angry Boys,
MINISERIES,
Animals.,
Vinyl,
Angry Boys,
MINISERIES,
Animals.,
Ballers,
Band of Brothers,
MINISERIES,
Big Love,
Bored to Death,
The Brink,
The Casual Vacancy,
MINISERIES,
The Comeback,
Curb Your Enthusiasm,
Deadwood,
Divorce,
Entourage,
Family Tree,
Flight of the Conchords,
Foo Fighters Sonic Highways,
Funny or Die Presents,
Game of Thrones,
Girls,
Getting On,
Hello Ladies,
How to Make It in America,
Hung,
In Treatment,
Veep,
VICE,
Vinyl,
Westworld,
The Wire,
The Young Pope,
Boxing Home,
12-19: Jennings vs. Ortiz,
1-30: Kovalev vs. Pascal,
Real Sports with Bryant Gumbel,
24/7: Road to the NHL Winter Classic,
The Fight Game with Jim Lampley,
State of Play,
Legendary Nights,
Hard Knocks,
Vinyl,
Angry Boys,
MINISERIES,
Animals.,
Ballers,
Band of Brothers,
MINISERIES,
Big Love,
Ballers,
Band of Brothers,
MINISERIES,
Big Love,
Boardwalk Empire,
Bored to Death,
The Brink,
The Casual Vacancy,
MINISERIES,
Boardwalk Empire,
Bored to Death,
The Brink,
The Casual Vacancy,
MINISERIES,
The Comeback,
Curb Your Enthusiasm,
Deadwood,
Divorce,
Doll & Em,
Doll & Em,
Eastbound & Down,
El Perro y El Gato,
HBO Latino,
Enlightened,
Ja'mie:Private School Girl,
The Jinx: The Life and Deaths of Robert Durst,
John Adams,
MINISERIES,
Jonah From Tonga,
Last Week Tonight with John Oliver,
The Leftovers,
The Life & Times of Tim,
Life's Too Short,
Little Britain USA,
Back On Board: Greg Louganis,
Kareem: Minority of One,
Klitschko,
Tapia,
Sport in America: Our Defining Stories,
Namath,
Prayer For a Perfect Season,
Derek Jeter 3K,
The Curious Case of Curt Flood,
McEnroe/Borg: Fire & Ice,
Boardwalk Empire,
Bored to Death,
The Brink,
The Casual Vacancy,
MINISERIES,
The Comeback,
Curb Your Enthusiasm,
Deadwood,
Divorce,
The Comeback,
Curb Your Enthusiasm,
Deadwood,
Divorce,
Doll & Em,
Eastbound & Down,
El Perro y El Gato,
HBO Latino,
Enlightened,
Entourage,
Family Tree,
Flight of the Conchords,
Foo Fighters Sonic Highways,
Funny or Die Presents,
Game of Thrones,
Entourage,
Family Tree,
Flight of the Conchords,
Foo Fighters Sonic Highways,
Funny or Die Presents,
Game of Thrones,
Girls,
Getting On,
Looking,
Luck,
Mildred Pierce,
MINISERIES,
The Newsroom,
Olive Kitteridge,
Runnin' Rebels of UNLV,
Broad Street Bullies,
Lombardi,
Magic & Bird: A Courtship of Rivals,
Breaking The Huddle: The Integration of College Football,
Mantle,
"3 ½ Minutes, Ten Bullets",
Citizenfour,
Dangerous Acts Starring the Unstable Elements of Belarus,
Doll & Em,
Eastbound & Down,
El Perro y El Gato,
HBO Latino,
Enlightened,
Entourage,
Family Tree,
Flight of the Conchords,
Foo Fighters Sonic Highways,
Funny or Die Presents,
Game of Thrones,
Eastbound & Down,
El Perro y El Gato,
HBO Latino,
Enlightened,
Entourage,
Family Tree,
Flight of the Conchords,
Foo Fighters Sonic Highways,
Funny or Die Presents,
Girls,
Getting On,
Hello Ladies,
How to Make It in America,
Hung,
In Treatment,
Hello Ladies,
How to Make It in America,
Hung,
In Treatment,
MINISERIES,
The Pacific,
MINISERIES,
Parade's End,
MINISERIES,
Project Greenlight,
Real Sports with Bryant Gumbel,
The Diplomat,
Going Clear,
How to Dance in Ohio,
"It's Me, Hilary: The Man Who Drew Eloise",
Kurt Cobain: Montage of Heck,
The Latin Explosion: A New America,
Living With Lincoln,
Girls,
Getting On,
Hello Ladies,
How to Make It in America,
Hung,
Game of Thrones,
Girls,
Getting On,
Hello Ladies,
How to Make It in America,
Hung,
In Treatment,
Ja'mie:Private School Girl,
The Jinx: The Life and Deaths of Robert Durst,
John Adams,
Ja'mie:Private School Girl,
The Jinx: The Life and Deaths of Robert Durst,
John Adams,
MINISERIES,
Jonah From Tonga,
Last Week Tonight with John Oliver,
The Leftovers,
The Life & Times of Tim,
Life's Too Short,
Little Britain USA,
Looking,
Ja'mie:Private School Girl,
The Jinx: The Life and Deaths of Robert Durst,
John Adams,
MINISERIES,
Jonah From Tonga,
Last Week Tonight with John Oliver,
The Leftovers,
The Life & Times of Tim,
Life's Too Short,
Little Britain USA,
Real Time with Bill Maher,
Seeing Red,
Sex and the City,
Show Me a Hero,
MINISERIES,
Silicon Valley,
Six Feet Under,
The Sopranos,
Mr. Dynamite: The Rise of James Brown,
My Depression: The Up and Down and Up of It,
Packed in a Trunk: The Lost Art of Edith Lake Wilkinson,
Requiem For The Dead: American Spring 2014,
San Francisco 2.0,
Saving My Tomorrow,
Sinatra: All Or Nothing At All,
In Treatment,
Ja'mie:Private School Girl,
The Jinx: The Life and Deaths of Robert Durst,
John Adams,
MINISERIES,
MINISERIES,
Jonah From Tonga,
Last Week Tonight with John Oliver,
The Leftovers,
The Life & Times of Tim,
Life's Too Short,
Little Britain USA,
Looking,
Luck,
Mildred Pierce,
MINISERIES,
The Newsroom,
Olive Kitteridge,
MINISERIES,
The Pacific,
MINISERIES,
Parade's End,
Looking,
Luck,
Summer Heights High,
MINISERIES,
Togetherness,
Treme,
True Blood,
Southern Rites,
Tashi and the Monk,
Tales of the Grim Sleeper,
The Lion's Mouth Opens,
The Ties That Bind,
Thought Crimes: The Case Of The Cannibal Cop,
Toe Tag Parole: To Live and Die on Yard A,
Very Semi-Serious: A Partially Thorough Portrait of New Yorker Cartoonists,
A Good Job: Stories of the FDNY,
Jonah From Tonga,
Last Week Tonight with John Oliver,
The Leftovers,
The Life & Times of Tim,
Life's Too Short,
Little Britain USA,
Looking,
Luck,
Mildred Pierce,
MINISERIES,
The Newsroom,
Olive Kitteridge,
MINISERIES,
The Pacific,
MINISERIES,
MINISERIES,
Project Greenlight,
Real Sports with Bryant Gumbel,
Real Time with Bill Maher,
Seeing Red,
Sex and the City,
Show Me a Hero,
MINISERIES,
Mildred Pierce,
MINISERIES,
The Newsroom,
Olive Kitteridge,
MINISERIES,
The Pacific,
MINISERIES,
True Detective,
Veep,
VICE,
Vinyl,
Westworld,
The Wire,
The Young Pope,
Boxing Home,
12-19: Jennings vs. Ortiz,
Banksy Does New York,
The Battle of AmFAR,
The Case Against 8,
Casting By,
Crisis Hotline: Veterans Press 1,
Gasland Part II,
Life According to Sam,
Mondays at Racine,
Luck,
Mildred Pierce,
MINISERIES,
The Newsroom,
Olive Kitteridge,
MINISERIES,
The Pacific,
MINISERIES,
Parade's End,
MINISERIES,
Parade's End,
MINISERIES,
Project Greenlight,
Real Sports with Bryant Gumbel,
Real Time with Bill Maher,
Seeing Red,
Sex and the City,
Show Me a Hero,
MINISERIES,
Silicon Valley,
Six Feet Under,
The Sopranos,
Summer Heights High,
MINISERIES,
Togetherness,
Treme,
Parade's End,
MINISERIES,
Project Greenlight,
Real Sports with Bryant Gumbel,
Real Time with Bill Maher,
Seeing Red,
Sex and the City,
Show Me a Hero,
1-30: Kovalev vs. Pascal,
Real Sports with Bryant Gumbel,
24/7: Road to the NHL Winter Classic,
The Fight Game with Jim Lampley,
State of Play,
Legendary Nights,
Hard Knocks,
Back On Board: Greg Louganis,
Open Heart,
Redemption,
Regarding Susan Sontag,
Seduced and Abandoned,
Six by Sondheim,
The Last Patrol,
The Weight of the Nation,
Toxic Hot Seat,
Project Greenlight,
Real Sports with Bryant Gumbel,
Real Time with Bill Maher,
Seeing Red,
Sex and the City,
Show Me a Hero,
Silicon Valley,
Six Feet Under,
The Sopranos,
True Blood,
True Detective,
Veep,
VICE,
Vinyl,
Westworld,
The Wire,
The Young Pope,
Boxing Home,
12-19: Jennings vs. Ortiz,
MINISERIES,
Silicon Valley,
Six Feet Under,
The Sopranos,
Summer Heights High,
MINISERIES,
Togetherness,
Kareem: Minority of One,
Klitschko,
Tapia,
Sport in America: Our Defining Stories,
Namath,
Prayer For a Perfect Season,
Derek Jeter 3K,
The Curious Case of Curt Flood,
McEnroe/Borg: Fire & Ice,
Runnin' Rebels of UNLV,
Valentine Road,
Whoopi Goldberg Presents Moms Mabley,
7 Days in Hell,
Amy Schumer: Live at the Apollo,
Bill Maher...But I'm Not Wrong,
Mel Brooks Live at the Geffen,
Billy Crystal 700 Sundays,
Katt Williams: Priceless,
"George Lopez: It's Not Me, It's You",
Jerrod Carmichael: Love at the Store,
MINISERIES,
Silicon Valley,
Six Feet Under,
The Sopranos,
Summer Heights High,
Summer Heights High,
MINISERIES,
Togetherness,
Treme,
True Blood,
True Detective,
Veep,
1-30: Kovalev vs. Pascal,
Real Sports with Bryant Gumbel,
24/7: Road to the NHL Winter Classic,
The Fight Game with Jim Lampley,
State of Play,
Legendary Nights,
Hard Knocks,
Back On Board: Greg Louganis,
Kareem: Minority of One,
Klitschko,
Tapia,
Sport in America: Our Defining Stories,
Namath,
Treme,
True Blood,
True Detective,
Veep,
VICE,
Broad Street Bullies,
Lombardi,
Magic & Bird: A Courtship of Rivals,
Breaking The Huddle: The Integration of College Football,
Mantle,
"3 ½ Minutes, Ten Bullets",
Citizenfour,
Dangerous Acts Starring the Unstable Elements of Belarus,
The Diplomat,
Going Clear,
John Leguizamo's Ghetto Klown,
Louis C.K.: Oh My God,
Ricky Gervais: Out of England 2 - The Stand-Up Special,
Robert Klein: Unfair & Unbalanced,
Robin Williams: Weapons of Self Destruction,
Sarah Silverman: We Are Miracles,
Talking Funny,
Tig Notaro: Boyish Girl Interrupted,
Tracy Morgan: Black and Blue,
Wanda Sykes: I'ma Be Me,
Whitney Cummings: I'm Your Girlfriend,
MINISERIES,
Togetherness,
Treme,
True Blood,
True Detective,
Veep,
VICE,
Vinyl,
Westworld,
The Wire,
VICE,
Vinyl,
Westworld,
The Wire,
Prayer For a Perfect Season,
Derek Jeter 3K,
The Curious Case of Curt Flood,
McEnroe/Borg: Fire & Ice,
Runnin' Rebels of UNLV,
Broad Street Bullies,
Lombardi,
Magic & Bird: A Courtship of Rivals,
Breaking The Huddle: The Integration of College Football,
Mantle,
"3 ½ Minutes, Ten Bullets",
Vinyl,
Westworld,
The Wire,
The Young Pope,
How to Dance in Ohio,
"It's Me, Hilary: The Man Who Drew Eloise",
Kurt Cobain: Montage of Heck,
The Latin Explosion: A New America,
Living With Lincoln,
Mr. Dynamite: The Rise of James Brown,
My Depression: The Up and Down and Up of It,
Packed in a Trunk: The Lost Art of Edith Lake Wilkinson,
Requiem For The Dead: American Spring 2014,
San Francisco 2.0,
Saving My Tomorrow,
Sinatra: All Or Nothing At All,
Southern Rites,
Tashi and the Monk,
Angry Boys,
Bored to Death,
Curb Your Enthusiasm,
Eastbound & Down,
Enlightened,
Entourage,
Family Tree,
The Young Pope,
Boxing Home,
12-19: Jennings vs. Ortiz,
The Young Pope,
Boxing Home,
12-19: Jennings vs. Ortiz,
1-30: Kovalev vs. Pascal,
Real Sports with Bryant Gumbel,
24/7: Road to the NHL Winter Classic,
Citizenfour,
Dangerous Acts Starring the Unstable Elements of Belarus,
The Diplomat,
Going Clear,
How to Dance in Ohio,
"It's Me, Hilary: The Man Who Drew Eloise",
Kurt Cobain: Montage of Heck,
The Latin Explosion: A New America,
Boxing Home,
12-19: Jennings vs. Ortiz,
1-30: Kovalev vs. Pascal,
Real Sports with Bryant Gumbel,
24/7: Road to the NHL Winter Classic,
The Fight Game with Jim Lampley,
State of Play,
Legendary Nights,
Hard Knocks,
Back On Board: Greg Louganis,
Kareem: Minority of One,
Tales of the Grim Sleeper,
The Lion's Mouth Opens,
The Ties That Bind,
Thought Crimes: The Case Of The Cannibal Cop,
Toe Tag Parole: To Live and Die on Yard A,
Very Semi-Serious: A Partially Thorough Portrait of New Yorker Cartoonists,
A Good Job: Stories of the FDNY,
Banksy Does New York,
Flight of the Conchords,
Funny or Die Presents,
Girls,
Hello Ladies,
How to Make It in America,
Hung,
The Life & Times of Tim,
Life's Too Short,
Little Britain USA,
Real Time with Bill Maher,
1-30: Kovalev vs. Pascal,
Real Sports with Bryant Gumbel,
24/7: Road to the NHL Winter Classic,
The Fight Game with Jim Lampley,
The Fight Game with Jim Lampley,
State of Play,
Legendary Nights,
Hard Knocks,
Back On Board: Greg Louganis,
Kareem: Minority of One,
Klitschko,
Tapia,
Living With Lincoln,
Mr. Dynamite: The Rise of James Brown,
My Depression: The Up and Down and Up of It,
Packed in a Trunk: The Lost Art of Edith Lake Wilkinson,
Requiem For The Dead: American Spring 2014,
Klitschko,
Tapia,
Sport in America: Our Defining Stories,
Namath,
Prayer For a Perfect Season,
Derek Jeter 3K,
The Curious Case of Curt Flood,
The Battle of AmFAR,
The Case Against 8,
Casting By,
Crisis Hotline: Veterans Press 1,
Gasland Part II,
Life According to Sam,
Mondays at Racine,
Open Heart,
Redemption,
Regarding Susan Sontag,
Seduced and Abandoned,
Six by Sondheim,
The Last Patrol,
The Weight of the Nation,
Toxic Hot Seat,
Valentine Road,
Whoopi Goldberg Presents Moms Mabley,
The Ricky Gervais Show,
Sex and the City,
Silicon Valley,
Summer Heights High,
Veep,
The Boring Life of Jacqueline,
Brody Stevens: Enjoy It!,
Garfunkel and Oates,
Single Long,
American Sniper,
Bad Words,
State of Play,
Legendary Nights,
Hard Knocks,
Back On Board: Greg Louganis,
Kareem: Minority of One,
Klitschko,
Tapia,
Sport in America: Our Defining Stories,
Namath,
Prayer For a Perfect Season,
San Francisco 2.0,
Saving My Tomorrow,
Sinatra: All Or Nothing At All,
Southern Rites,
McEnroe/Borg: Fire & Ice,
Runnin' Rebels of UNLV,
Broad Street Bullies,
Lombardi,
7 Days in Hell,
Amy Schumer: Live at the Apollo,
Bill Maher...But I'm Not Wrong,
Birdman,
Dawn of the Planet of the Apes,
Dumb and Dumber To,
Exodus: Gods and Kings,
Fifty Shades of Grey,
Sport in America: Our Defining Stories,
Namath,
Prayer For a Perfect Season,
Derek Jeter 3K,
The Curious Case of Curt Flood,
McEnroe/Borg: Fire & Ice,
Derek Jeter 3K,
The Curious Case of Curt Flood,
Tashi and the Monk,
Tales of the Grim Sleeper,
The Lion's Mouth Opens,
The Ties That Bind,
Magic & Bird: A Courtship of Rivals,
Breaking The Huddle: The Integration of College Football,
Mantle,
"3 ½ Minutes, Ten Bullets",
Citizenfour,
Mel Brooks Live at the Geffen,
Billy Crystal 700 Sundays,
Katt Williams: Priceless,
Focus,
Get Hard,
The Good Lie,
Get On Up,
Gone Girl,
Kingsman: The Secret Service,
The Hobbit: The Battle of the Five Armies,
The Divergent Series: Insurgent,
Jersey Boys,
Kill the Messenger,
The Longest Ride,
Runnin' Rebels of UNLV,
Broad Street Bullies,
Lombardi,
Magic & Bird: A Courtship of Rivals,
McEnroe/Borg: Fire & Ice,
Runnin' Rebels of UNLV,
Broad Street Bullies,
Lombardi,
Magic & Bird: A Courtship of Rivals,
Breaking The Huddle: The Integration of College Football,
Mantle,
"3 ½ Minutes, Ten Bullets",
Citizenfour,
Thought Crimes: The Case Of The Cannibal Cop,
Toe Tag Parole: To Live and Die on Yard A,
Very Semi-Serious: A Partially Thorough Portrait of New Yorker Cartoonists,
A Good Job: Stories of the FDNY,
Banksy Does New York,
The Battle of AmFAR,
The Case Against 8,
Casting By,
Crisis Hotline: Veterans Press 1,
Gasland Part II,
Dangerous Acts Starring the Unstable Elements of Belarus,
The Diplomat,
Going Clear,
How to Dance in Ohio,
"It's Me, Hilary: The Man Who Drew Eloise",
Kurt Cobain: Montage of Heck,
The Latin Explosion: A New America,
Living With Lincoln,
Mr. Dynamite: The Rise of James Brown,
My Depression: The Up and Down and Up of It,
Packed in a Trunk: The Lost Art of Edith Lake Wilkinson,
Requiem For The Dead: American Spring 2014,
San Francisco 2.0,
Saving My Tomorrow,
"George Lopez: It's Not Me, It's You",
Jerrod Carmichael: Love at the Store,
John Leguizamo's Ghetto Klown,
Louis C.K.: Oh My God,
Ricky Gervais: Out of England 2 - The Stand-Up Special,
Robert Klein: Unfair & Unbalanced,
Robin Williams: Weapons of Self Destruction,
Sarah Silverman: We Are Miracles,
Talking Funny,
Tig Notaro: Boyish Girl Interrupted,
The Maze Runner,
A Million Ways to Die in the West,
Neighbors,
Night at the Museum: Secret of the Tomb,
Non-Stop,
The Purge: Anarchy,
Breaking The Huddle: The Integration of College Football,
Mantle,
"3 ½ Minutes, Ten Bullets",
Citizenfour,
Dangerous Acts Starring the Unstable Elements of Belarus,
The Diplomat,
Dangerous Acts Starring the Unstable Elements of Belarus,
The Diplomat,
Going Clear,
How to Dance in Ohio,
"It's Me, Hilary: The Man Who Drew Eloise",
Life According to Sam,
Mondays at Racine,
Open Heart,
Redemption,
Regarding Susan Sontag,
Seduced and Abandoned,
Six by Sondheim,
Sinatra: All Or Nothing At All,
Southern Rites,
Tashi and the Monk,
Tales of the Grim Sleeper,
The Lion's Mouth Opens,
The Ties That Bind,
Thought Crimes: The Case Of The Cannibal Cop,
Toe Tag Parole: To Live and Die on Yard A,
Tracy Morgan: Black and Blue,
Wanda Sykes: I'ma Be Me,
Whitney Cummings: I'm Your Girlfriend,
Angry Boys,
Bored to Death,
Curb Your Enthusiasm,
Eastbound & Down,
Enlightened,
Entourage,
Family Tree,
Flight of the Conchords,
Funny or Die Presents,
Girls,
The Pyramid,
Run All Night,
The Theory of Everything,
This Is Where I Leave You,
The Water Diviner,
Going Clear,
How to Dance in Ohio,
"It's Me, Hilary: The Man Who Drew Eloise",
Kurt Cobain: Montage of Heck,
The Latin Explosion: A New America,
Kurt Cobain: Montage of Heck,
The Latin Explosion: A New America,
Living With Lincoln,
Mr. Dynamite: The Rise of James Brown,
My Depression: The Up and Down and Up of It,
Packed in a Trunk: The Lost Art of Edith Lake Wilkinson,
The Last Patrol,
The Weight of the Nation,
Toxic Hot Seat,
Valentine Road,
Whoopi Goldberg Presents Moms Mabley,
7 Days in Hell,
Amy Schumer: Live at the Apollo,
Very Semi-Serious: A Partially Thorough Portrait of New Yorker Cartoonists,
A Good Job: Stories of the FDNY,
Banksy Does New York,
The Battle of AmFAR,
The Case Against 8,
Hello Ladies,
How to Make It in America,
Hung,
The Life & Times of Tim,
Life's Too Short,
Little Britain USA,
Walk of Shame,
Wild,
X-Men: Days of Future Past,
Unbroken,
Unfinished Business,
All The Way,
Behind the Candelabra,
Bessie,
Clear History,
Living With Lincoln,
Mr. Dynamite: The Rise of James Brown,
My Depression: The Up and Down and Up of It,
Packed in a Trunk: The Lost Art of Edith Lake Wilkinson,
Requiem For The Dead: American Spring 2014,
San Francisco 2.0,
Saving My Tomorrow,
Sinatra: All Or Nothing At All,
Southern Rites,
Requiem For The Dead: American Spring 2014,
San Francisco 2.0,
Saving My Tomorrow,
Sinatra: All Or Nothing At All,
Southern Rites,
Tashi and the Monk,
Tales of the Grim Sleeper,
Bill Maher...But I'm Not Wrong,
Mel Brooks Live at the Geffen,
Billy Crystal 700 Sundays,
Katt Williams: Priceless,
"George Lopez: It's Not Me, It's You",
Jerrod Carmichael: Love at the Store,
John Leguizamo's Ghetto Klown,
Louis C.K.: Oh My God,
Ricky Gervais: Out of England 2 - The Stand-Up Special,
Casting By,
Crisis Hotline: Veterans Press 1,
Gasland Part II,
Life According to Sam,
Mondays at Racine,
Open Heart,
Redemption,
Real Time with Bill Maher,
The Ricky Gervais Show,
Sex and the City,
Silicon Valley,
Summer Heights High,
Veep,
The Boring Life of Jacqueline,
Brody Stevens: Enjoy It!,
Garfunkel and Oates,
Cinema Verite,
Game Change,
The Girl,
Hemingway & Gellhorn,
The Leisure Class,
Mike Tyson: Undisputed Truth,
Muhammad Ali's Greatest Fight,
Nightingale,
The Normal Heart,
Phil Spector,
The Wizard of Lies,
You Don't Know Jack,
|,
55,
Tashi and the Monk,
Tales of the Grim Sleeper,
The Lion's Mouth Opens,
The Ties That Bind,
Thought Crimes: The Case Of The Cannibal Cop,
Toe Tag Parole: To Live and Die on Yard A,
Very Semi-Serious: A Partially Thorough Portrait of New Yorker Cartoonists,
A Good Job: Stories of the FDNY,
Banksy Does New York,
The Battle of AmFAR,
The Lion's Mouth Opens,
The Ties That Bind,
Thought Crimes: The Case Of The Cannibal Cop,
Toe Tag Parole: To Live and Die on Yard A,
Very Semi-Serious: A Partially Thorough Portrait of New Yorker Cartoonists,
Robert Klein: Unfair & Unbalanced,
Robin Williams: Weapons of Self Destruction,
Sarah Silverman: We Are Miracles,
Talking Funny,
Tig Notaro: Boyish Girl Interrupted,
Tracy Morgan: Black and Blue,
Wanda Sykes: I'ma Be Me,
Regarding Susan Sontag,
Seduced and Abandoned,
Six by Sondheim,
The Last Patrol,
The Weight of the Nation,
Toxic Hot Seat,
Valentine Road,
Single Long,
American Sniper,
Bad Words,
Birdman,
 items,
160,
 items,
211,
 items,
52,
 items,
48,
The Case Against 8,
Casting By,
Crisis Hotline: Veterans Press 1,
Gasland Part II,
Life According to Sam,
Mondays at Racine,
Open Heart,
Redemption,
Regarding Susan Sontag,
A Good Job: Stories of the FDNY,
Banksy Does New York,
The Battle of AmFAR,
The Case Against 8,
Casting By,
Crisis Hotline: Veterans Press 1,
Gasland Part II,
Whitney Cummings: I'm Your Girlfriend,
Angry Boys,
Bored to Death,
Curb Your Enthusiasm,
Eastbound & Down,
Enlightened,
Entourage,
Family Tree,
Whoopi Goldberg Presents Moms Mabley,
Dawn of the Planet of the Apes,
Dumb and Dumber To,
Exodus: Gods and Kings,
Fifty Shades of Grey,
Focus,
Get Hard,
 items,
,
,
Always Available,
,
,
Seduced and Abandoned,
Life According to Sam,
Mondays at Racine,
Open Heart,
Redemption,
Flight of the Conchords,
Funny or Die Presents,
Girls,
Hello Ladies,
How to Make It in America,
Hung,
The Life & Times of Tim,
7 Days in Hell,
Amy Schumer: Live at the Apollo,
Bill Maher...But I'm Not Wrong,
Mel Brooks Live at the Geffen,
Billy Crystal 700 Sundays,
Katt Williams: Priceless,
"George Lopez: It's Not Me, It's You",
Jerrod Carmichael: Love at the Store,
John Leguizamo's Ghetto Klown,
Louis C.K.: Oh My God,
Ricky Gervais: Out of England 2 - The Stand-Up Special,
The Good Lie,
Get On Up,
Gone Girl,
Always Available,
,
,
Always Available,
Six by Sondheim,
The Last Patrol,
Regarding Susan Sontag,
Seduced and Abandoned,
Six by Sondheim,
The Last Patrol,
The Weight of the Nation,
Toxic Hot Seat,
Valentine Road,
Whoopi Goldberg Presents Moms Mabley,
7 Days in Hell,
Amy Schumer: Live at the Apollo,
Bill Maher...But I'm Not Wrong,
Life's Too Short,
Little Britain USA,
Real Time with Bill Maher,
The Ricky Gervais Show,
Sex and the City,
Robert Klein: Unfair & Unbalanced,
Robin Williams: Weapons of Self Destruction,
Sarah Silverman: We Are Miracles,
Talking Funny,
Tig Notaro: Boyish Girl Interrupted,
Tracy Morgan: Black and Blue,
Wanda Sykes: I'ma Be Me,
Whitney Cummings: I'm Your Girlfriend,
Angry Boys,
Bored to Death,
Kingsman: The Secret Service,
The Hobbit: The Battle of the Five Armies,
The Divergent Series: Insurgent,
Jersey Boys,
Kill the Messenger,
,
,
Always Available,
,
,
The Weight of the Nation,
Toxic Hot Seat,
Valentine Road,
Mel Brooks Live at the Geffen,
Billy Crystal 700 Sundays,
Katt Williams: Priceless,
"George Lopez: It's Not Me, It's You",
Silicon Valley,
Summer Heights High,
Veep,
The Boring Life of Jacqueline,
Brody Stevens: Enjoy It!,
Garfunkel and Oates,
Single Long,
American Sniper,
Bad Words,
Curb Your Enthusiasm,
Eastbound & Down,
Enlightened,
Entourage,
Family Tree,
The Longest Ride,
The Maze Runner,
A Million Ways to Die in the West,
Neighbors,
Night at the Museum: Secret of the Tomb,
Non-Stop,
The Purge: Anarchy,
Always Available,
,
,
Available Until 2/29/2016,
,
,
Available Until 2/29/2016,
,
,
Always Available,
,
,
Always Available,
,
Whoopi Goldberg Presents Moms Mabley,
7 Days in Hell,
Amy Schumer: Live at the Apollo,
Jerrod Carmichael: Love at the Store,
John Leguizamo's Ghetto Klown,
Louis C.K.: Oh My God,
Ricky Gervais: Out of England 2 - The Stand-Up Special,
Robert Klein: Unfair & Unbalanced,
Birdman,
Dawn of the Planet of the Apes,
Dumb and Dumber To,
Exodus: Gods and Kings,
Fifty Shades of Grey,
Flight of the Conchords,
Funny or Die Presents,
Girls,
Hello Ladies,
How to Make It in America,
Hung,
The Life & Times of Tim,
The Pyramid,
Run All Night,
The Theory of Everything,
,
Available Until 12/31/2015,
,
,
Available Until 2/29/2016,
,
,
Available Until 2/29/2016,
,
,
Bill Maher...But I'm Not Wrong,
Mel Brooks Live at the Geffen,
Billy Crystal 700 Sundays,
Katt Williams: Priceless,
"George Lopez: It's Not Me, It's You",
Jerrod Carmichael: Love at the Store,
John Leguizamo's Ghetto Klown,
Louis C.K.: Oh My God,
Ricky Gervais: Out of England 2 - The Stand-Up Special,
Robert Klein: Unfair & Unbalanced,
Robin Williams: Weapons of Self Destruction,
Robin Williams: Weapons of Self Destruction,
Sarah Silverman: We Are Miracles,
Talking Funny,
Tig Notaro: Boyish Girl Interrupted,
Tracy Morgan: Black and Blue,
Wanda Sykes: I'ma Be Me,
Whitney Cummings: I'm Your Girlfriend,
Angry Boys,
Bored to Death,
Curb Your Enthusiasm,
Focus,
Get Hard,
The Good Lie,
Get On Up,
Gone Girl,
Kingsman: The Secret Service,
The Hobbit: The Battle of the Five Armies,
Life's Too Short,
Little Britain USA,
Real Time with Bill Maher,
The Ricky Gervais Show,
Sex and the City,
Silicon Valley,
Summer Heights High,
Veep,
This Is Where I Leave You,
The Water Diviner,
Walk of Shame,
Wild,
X-Men: Days of Future Past,
Unbroken,
Unfinished Business,
All The Way,
Behind the Candelabra,
Always Available,
,
,
Available Until 12/31/2015,
,
,
Always Available,
,
,
Sarah Silverman: We Are Miracles,
Talking Funny,
Tig Notaro: Boyish Girl Interrupted,
Tracy Morgan: Black and Blue,
Wanda Sykes: I'ma Be Me,
Whitney Cummings: I'm Your Girlfriend,
Angry Boys,
Bored to Death,
Eastbound & Down,
Enlightened,
Entourage,
Family Tree,
The Divergent Series: Insurgent,
Jersey Boys,
Kill the Messenger,
The Longest Ride,
The Maze Runner,
A Million Ways to Die in the West,
Neighbors,
The Boring Life of Jacqueline,
Brody Stevens: Enjoy It!,
Garfunkel and Oates,
Single Long,
American Sniper,
Bad Words,
Birdman,
Dawn of the Planet of the Apes,
Dumb and Dumber To,
Bessie,
Clear History,
Cinema Verite,
Game Change,
Always Available,
,
,
Available Until 12/31/2015,
,
Curb Your Enthusiasm,
Eastbound & Down,
Enlightened,
Entourage,
Family Tree,
Flight of the Conchords,
Funny or Die Presents,
Flight of the Conchords,
Funny or Die Presents,
Girls,
Hello Ladies,
How to Make It in America,
Hung,
Night at the Museum: Secret of the Tomb,
Non-Stop,
The Purge: Anarchy,
The Pyramid,
Run All Night,
The Theory of Everything,
This Is Where I Leave You,
The Water Diviner,
Walk of Shame,
Exodus: Gods and Kings,
Fifty Shades of Grey,
Focus,
Get Hard,
The Good Lie,
Get On Up,
Gone Girl,
Kingsman: The Secret Service,
The Girl,
Hemingway & Gellhorn,
The Leisure Class,
Mike Tyson: Undisputed Truth,
Muhammad Ali's Greatest Fight,
Nightingale,
The Normal Heart,
Phil Spector,
The Wizard of Lies,
You Don't Know Jack,
|,
55,
 items,
,
Always Available,
,
,
Always Available,
,
,
Available Until 12/31/2015,
,
,
Always Available,
Girls,
Hello Ladies,
How to Make It in America,
Hung,
The Life & Times of Tim,
Life's Too Short,
The Life & Times of Tim,
Life's Too Short,
Little Britain USA,
Real Time with Bill Maher,
The Ricky Gervais Show,
Sex and the City,
Silicon Valley,
Summer Heights High,
Veep,
Wild,
X-Men: Days of Future Past,
Unbroken,
Unfinished Business,
All The Way,
Behind the Candelabra,
Bessie,
The Hobbit: The Battle of the Five Armies,
The Divergent Series: Insurgent,
Jersey Boys,
Kill the Messenger,
The Longest Ride,
The Maze Runner,
A Million Ways to Die in the West,
Neighbors,
,
,
Always Available,
,
,
Available Until 2/29/2016,
,
,
Available Until 2/29/2016,
,
,
,
Available Until 2/29/2016,
,
,
Always Available,
,
,
Always Available,
,
,
Always Available,
Little Britain USA,
Real Time with Bill Maher,
The Ricky Gervais Show,
Sex and the City,
Silicon Valley,
Summer Heights High,
Veep,
The Boring Life of Jacqueline,
Brody Stevens: Enjoy It!,
The Boring Life of Jacqueline,
Brody Stevens: Enjoy It!,
Garfunkel and Oates,
Single Long,
American Sniper,
Bad Words,
Clear History,
Cinema Verite,
Game Change,
The Girl,
Hemingway & Gellhorn,
The Leisure Class,
Mike Tyson: Undisputed Truth,
Muhammad Ali's Greatest Fight,
Nightingale,
Night at the Museum: Secret of the Tomb,
Non-Stop,
The Purge: Anarchy,
,
Always Available,
,
,
Always Available,
,
,
Always Available,
,
,
Garfunkel and Oates,
Single Long,
American Sniper,
Bad Words,
Birdman,
Dawn of the Planet of the Apes,
Dumb and Dumber To,
Exodus: Gods and Kings,
Birdman,
Dawn of the Planet of the Apes,
Dumb and Dumber To,
Exodus: Gods and Kings,
Fifty Shades of Grey,
Focus,
The Normal Heart,
Phil Spector,
The Wizard of Lies,
You Don't Know Jack,
|,
55,
The Pyramid,
Run All Night,
The Theory of Everything,
This Is Where I Leave You,
The Water Diviner,
,
Always Available,
,
,
Available Until 12/31/2015,
,
,
Always Available,
,
,
Always Available,
Fifty Shades of Grey,
Focus,
Get Hard,
Get Hard,
The Good Lie,
Get On Up,
Gone Girl,
Kingsman: The Secret Service,
The Hobbit: The Battle of the Five Armies,
The Divergent Series: Insurgent,
 items,
160,
 items,
211,
 items,
52,
 items,
,
,
Always Available,
,
Walk of Shame,
Wild,
X-Men: Days of Future Past,
Unbroken,
,
Always Available,
,
,
Always Available,
,
,
Always Available,
,
,
Always Available,
,
,
The Good Lie,
Get On Up,
Gone Girl,
Jersey Boys,
Kill the Messenger,
The Longest Ride,
The Maze Runner,
,
Available Until 1/31/2016,
,
,
Always Available,
Unfinished Business,
All The Way,
Behind the Candelabra,
Bessie,
Clear History,
,
,
Always Available,
,
,
Always Available,
,
,
Always Available,
Available Until 1/31/2016,
,
,
Always Available,
,
,
Always Available,
Kingsman: The Secret Service,
The Hobbit: The Battle of the Five Armies,
The Divergent Series: Insurgent,
Jersey Boys,
Kill the Messenger,
The Longest Ride,
A Million Ways to Die in the West,
Neighbors,
Night at the Museum: Secret of the Tomb,
Non-Stop,
The Purge: Anarchy,
The Pyramid,
Run All Night,
The Theory of Everything,
,
,
Always Available,
,
,
Always Available,
,
Cinema Verite,
,
,
Available Until 1/24/2016,
,
,
Available Until 1/31/2016,
,
,
Always Available,
,
,
Always Available,
The Maze Runner,
A Million Ways to Die in the West,
Neighbors,
Night at the Museum: Secret of the Tomb,
Non-Stop,
The Purge: Anarchy,
The Pyramid,
This Is Where I Leave You,
The Water Diviner,
Walk of Shame,
Wild,
X-Men: Days of Future Past,
Unbroken,
Unfinished Business,
,
Available Until 1/31/2016,
,
,
Always Available,
Game Change,
The Girl,
Hemingway & Gellhorn,
The Leisure Class,
Mike Tyson: Undisputed Truth,
Muhammad Ali's Greatest Fight,
Nightingale,
,
,
Always Available,
,
,
Available Until 12/31/2015,
,
,
Always Available,
,
,
Run All Night,
The Theory of Everything,
This Is Where I Leave You,
The Water Diviner,
Walk of Shame,
All The Way,
Behind the Candelabra,
Bessie,
Clear History,
Cinema Verite,
,
,
Always Available,
The Normal Heart,
Phil Spector,
The Wizard of Lies,
You Don't Know Jack,
|,
55,
 items,
160,
 items,
211,
,
,
Always Available,
Available Until 1/31/2016,
,
,
Available Until 12/31/2015,
,
,
Always Available,
Wild,
X-Men: Days of Future Past,
Unbroken,
Unfinished Business,
All The Way,
Game Change,
The Girl,
Hemingway & Gellhorn,
The Leisure Class,
Mike Tyson: Undisputed Truth,
Muhammad Ali's Greatest Fight,
Nightingale,
,
,
Always Available,
,
,
Always Available,
,
,
 items,
,
,
,
,
Always Available,
,
,
Always Available,
,
,
Behind the Candelabra,
Bessie,
Clear History,
The Normal Heart,
Phil Spector,
The Wizard of Lies,
You Don't Know Jack,
|,
55,
 items,
160,
Always Available,
,
,
Always Available,
,
,
Always Available,
Available Until 12/31/2015,
,
,
Always Available,
,
,
,
,
Always Available,
,
Available Until 1/31/2016,
,
,
Available Until 2/29/2016,
,
,
Always Available,
Cinema Verite,
Game Change,
The Girl,
Hemingway & Gellhorn,
The Leisure Class,
 items,
,
,
Always Available,
,
,
,
,
Always Available,
,
,
Always Available,
,
,
Available Until 1/31/2016,
,
,
Available Until 2/29/2016,
,
,
Available Until 1/31/2016,
,
Available Until 1/31/2016,
,
,
Available Until 12/31/2015,
,
,
Always Available,
,
,
Available Until 1/31/2016,
,
Mike Tyson: Undisputed Truth,
Muhammad Ali's Greatest Fight,
Nightingale,
The Normal Heart,
Phil Spector,
The Wizard of Lies,
You Don't Know Jack,
|,
6,
 items,
12,
Available Until 12/31/2015,
,
,
Available Until 12/31/2015,
,
,
Always Available,
,
,
Always Available,
,
,
Always Available,
,
,
Always Available,
,
,
,
Always Available,
,
,
Always Available,
,
,
Available Until 1/31/2016,
,
,
Always Available,
,
,
,
,
Available Until 12/31/2015,
,
,
,
Always Available,
,
,
Always Available,
,
,
Available Until 2/29/2016,
,
,
Always Available,
 items,
10,
 items,
10,
 items,
53,
Always Available,
,
,
Always Available,
,
,
Always Available,
,
,
Available Until 12/31/2015,
,
,
,
Always Available,
,
,
Always Available,
,
,
Always Available,
Available Until 2/29/2016,
,
,
Always Available,
,
,
Always Available,
,
,
Always Available,
,
,
Always Available,
,
,
Always Available,
,
,
,
,
Always Available,
,
,
Always Available,
,
,
Always Available,
34,
 items,
56,
 items,
24,
 items,
Always Available,
,
,
Always Available,
,
,
Always Available,
,
,
,
Always Available,
,
,
Always Available,
,
,
Always Available,
,
,
Available Until 12/31/2015,
,
,
Available Until 1/31/2016,
,
,
Always Available,
,
,
Always Available,
,
Always Available,
,
,
Available Until 1/31/2016,
,
,
Available Until 12/31/2015,
,
,
Available Until 12/31/2015,
 items,
62,
 items,
53,
 items,
 ,
Twitter,
10,
 items,
24,
 items,
3,
 items,
21,
 items,
80,
 items,
,
Available Until 2/29/2016,
Always Available,
,
,
Always Available,
,
,
Always Available,
,
,
Always Available,
,
,
Always Available,
,
,
Always Available,
,
,
,
Available Until 12/31/2015,
,
,
Always Available,
,
,
Always Available,
,
,
,
,
Always Available,
,
,
Always Available,
,
,
Always Available,
 ,
Facebook,
 ,
Youtube,
 ,
Tumblr,
36,
 items,
12,
 items,
,
,
Available Until 1/31/2016,
,
,
Always Available,
Always Available,
,
,
Always Available,
,
,
Always Available,
,
,
Always Available,
,
,
,
,
 ,
29,
 items,
,
,
Always Available,
,
Always Available,
,
Always Available,
,
,
Always Available,
,
,
Always Available,
,
Always Available,
,
,
Available Until 12/26/2015,
,
,
Always Available,
,
,
Instagram,
"©2015 Home Box Office, Inc. All Rights Reserved. This website may contain mature content.",
,
,A.I. Artificial Intelligence
,Battle for the Planet of the Apes
,Beetlejuice
,Beneath the Planet of the Apes
,Bicentennial Man
18,
 items,
96,
 items,
13,
 items,
138,
,
Always Available,
,
,
Always Available,
,
,
,
Always Available,
,
,
Always Available,
,
,
Always Available,
,
,
Always Available,
,
,
Always Available,
,
,
Available Until 12/31/2015,
,Blade
,Blade Runner
 items,
8,
 items,
5,
 items,
22,
 items,
8,
Available Until 2/29/2016,
,
,
Always Available,
,
Always Available,
,
,
Always Available,
,
Always Available,
,
,
Available Until 1/31/2016,
,
,
,
Always Available,
,
,
Always Available,
,
,Conquest of the Planet of the Apes
,Creep
,Dawn of the Planet of the Apes
,Devil's Due
,Divergent
,The Divergent Series: Insurgent
,El Callejon (Blind Alley)
,Escape From the Planet of the Apes
,Evolution
 items,
22,
,
,
Available Until 2/29/2016,
,
,
Always Available,
,
,
Always Available,
,
,
Available Until 1/31/2016,
,
,
Available Until 4/30/2016,
,
,
Always Available,
,
,
Always Available,
,
,
Always Available,
,
Available Until 3/31/2016,
,
,
Always Available,
,
,
Available Until 2/29/2016,
,
,
Available Until 2/29/2016,
,The Faculty
,Fantastic Four: Rise of the Silver Surfer
,Frequently Asked Questions About Time Travel
,Hollow Man
,House on Haunted Hill (1999)
,Killer Pad
,May
,The Maze Runner
,Planet of the Apes
,The Purge: Anarchy
 items,
50,
 items,
7,
 items,
,
Always Available,
,
Always Available,
,
,
,
,
Always Available,
,
,
,
Always Available,
,The Pyramid
,Red State
,Return to House on Haunted Hill
18,
 items,
42,
 items,
9,
 items,
16,
 items,
,
,
Always Available,
,
,
Always Available,
,
Always Available,
,
,
Always Available,
,
,
Always Available,
,
Available Until 12/31/2015,
,
,
Always Available,
,
,
,
Always Available,
,
,
Always Available,
,
,
Always Available,
,RoboCop
,RoboCop 2
,RoboCop 3
,The Rocky Horror Picture Show
30,
 items,
106,
 items,
6,
 items,
,
Available Until 12/31/2015,
,
,
Available Until 2/29/2016,
,
,
Always Available,
,
,
,
,
Always Available,
,
,
Always Available,
,
,
,
Always Available,
,
,
Always Available,
,
,
Available Until 12/31/2015,
,
,
Available Until 12/31/2015,
,
,
Available Until 1/31/2016,
,
,
Available Until 2/29/2016,
,
,
Always Available,
,
,
Always Available,
,
,
Always Available,
,Scream
,Session 9
,Shocker
,The Signal
,Siren
6,
Always Available,
,
Always Available,
,
,
Always Available,
,
,
Always Available,
,
160,
 items,
211,
 items,
52,
 items,
48,
 items,
34,
 items,
,Summer's Moon
,Transcendence
,Trick 'r Treat
,Turbo: A Power Rangers Movie
 items,
7,
 items,
10,
 items,
6,
 items,
35,
 items,
300,
,
Available Until 12/31/2015,
,
,
,
,
Available Until 12/31/2015,
,
,
Always Available,
,
Always Available,
,
,
Always Available,
,
,
62,
 items,
53,
 items,
 ,
Twitter,
 ,
Facebook,
,The Unborn
,V for Vendetta
,What We Do in the Shadows
,Wonder Woman
,X-Men
,X-Men: Days of Future Past
 items,
20,
 items,
8,
 items,
6,
 items,
Available Until 2/29/2016,
,
,
Always Available,
,
,
Always Available,
,
,
,
Always Available,
,
,
Always Available,
48,
 items,
34,
Available Until 2/29/2016,
,
,
 ,
Youtube,
 ,
Tumblr,
 ,
Instagram,
"©2015 Home Box Office, Inc. All Rights Reserved. This website may contain mature content.",
,
,American Sniper
18,
 items,
9,
,
Always Available,
,
,
Always Available,
,
,
Always Available,
,
,
Available Until 2/29/2016,
 items,
62,
 items,
Always Available,
,
,
Available Until 12/31/2015,
,
,
Available Until 2/29/2016,
,
,
Always Available,
,
,
Available Until 12/31/2015,
,
,Blade
,Blade Runner
,Bodyguard: A New Beginning
,Cheech & Chong's Next Movie
,Cloak & Dagger
,Collision Course
,Dawn of the Planet of the Apes
,The Departed
 items,
13,
 items,
5,
 items,
25,
,
,
Always Available,
,
,
Available Until 12/24/2015,
53,
 items,
 ,
Twitter,
 ,
Facebook,
 ,
Youtube,
 ,
,
Available Until 1/31/2016,
,
,
,The Divergent Series: Insurgent
,Eragon
,Exodus: Gods and Kings
,Fantastic Four: Rise of the Silver Surfer
,Fighting
,Firewall
,Grind
,The Hobbit: The Battle of the Five Armies
,Hollow Man
,Howard the Duck
,The Iron Giant
,John Wick
,Kingsman: The Secret Service
,Kiss of the Dragon
,La pelea de mi vida (The Fight of My Life)
 items,
7,
 items,
4,
 items,
56,
,
,
Available Until 12/31/2015,
,
,
Always Available,
,
,
Always Available,
,
Tumblr,
 ,
Instagram,
"©2015 Home Box Office, Inc. All Rights Reserved. This website may contain mature content.",
,
,A Little Princess
Always Available,
,
,
Always Available,
,
,Lone Survivor
,The Man
,Mandrake Telefilm: Part 1
,Mandrake Telefilm: Part 2
,The Maze Runner
,The Musketeer
,Our Man Flint
,"Piedra, Papel o Tijera (Rock, Paper, Scissors)"
,The Purge: Anarchy
,Renegades
 items,
10,
 items,
5,
 items,
,
Always Available,
,
,
Always Available,
,
,A ritmo de fe (Rhythm of Faith)
,The Adventures of Rocky and Bullwinkle
,
Always Available,
,
,
,The Return of the Musketeers
,Ricochet
,Ride Along
,RoboCop
33,
 items,
35,
 items,
22,
 items,
7,
 items,
94,
 items,
6,
 items,
18,
 items,
,
Available Until 1/31/2016,
,
,
,Agent Cody Banks 2: Destination London
,Alvin and the Chipmunks
,AninA
,Bee Movie
,Bicentennial Man
,The Book of Life
Available Until 2/29/2016,
,
,
Always Available,
,
,
Always Available,
,
,
Always Available,
,RoboCop 2
,RoboCop 3
,The Rock
,Run All Night
63,
 items,
86,
 items,
8,
 items,
10,
Available Until 1/31/2016,
,
,
Always Available,
,
,
Always Available,
,Cloak & Dagger
,Confessions of a Teenage Drama Queen
,Disney's The Kid
,Dolphin Tale
,Dolphin Tale 2
,
,
Available Until 2/29/2016,
,
,
Always Available,
,
,
,Spaceballs
,Stop! Or My Mom Will Shoot
,Superman Returns
,Superman/Batman: Apocalypse
,Superman/Batman: Public Enemies
,Sweet Dreams
,Taken 3
,The Trouble With Spies
,Turbo: A Power Rangers Movie
,V for Vendetta
,Wonder Woman
 items,
8,
 items,
36,
 items,
,
,
Always Available,
,
,
Always Available,
,
,Ella Enchanted
,Eragon
,Everyone's Hero
,Firehouse Dog
,Flicka
Always Available,
,
,
Available Until 1/31/2016,
,
,
,X-Men
,X-Men: Days of Future Past
80,
 items,
16,
,
Always Available,
,
,
Available Until 12/31/2015,
,Gold Diggers: The Secret of Bear Mountain
,Good Boy!
,Happily N'Ever After
Available Until 1/31/2016,
,
,
Always Available,
,
 items,
36,
,
,
Available Until 1/31/2016,
,
,
Always Available,
,
,
Always Available,
,
,Happily N'Ever After 2
,Happy Feet
,The Haunted Mansion
,Home Alone
,Home Alone 2: Lost in New York
,Home Alone 3
,Hoot
,
Always Available,
,
,
Always Available,
 items,
38,
 items,
60,
 items,
 ,
Twitter,
 ,
Facebook,
,
Available Until 2/29/2016,
,
,
Always Available,
,
,Inspector Gadget
,The Iron Giant
,Legally Blondes
,The Lego Movie
,Like Mike
,Like Mike 2: Streetball
,
,
Always Available,
,
,
Always Available,
 ,
Youtube,
 ,
Tumblr,
 ,
Instagram,
"©2015 Home Box Office, Inc. All Rights Reserved. This website may contain mature content.",
,
Available Until 1/31/2016,
,
,
Available Until 1/31/2016,
,
,
,Material Girls
,Mom and Dad Save the World
,Night at the Museum
,Night at the Museum: Secret of the Tomb
,"Pancho, el perro millonario (Millionaire Dog)"
,Rio 2
,Rugrats in Paris: The Movie
,Running Free
,Scooby-Doo 2: Monsters Unleashed
,Shrek
,Shrek the Third
,
,
Always Available,
,
Available Until 1/28/2016,
,
,
Always Available,
,
,
Always Available,
,
,
,Snow Day
,Superbabies: Baby Geniuses 2
,Tio Papi (Uncle Daddy)
,The Trumpet of the Swan
,Turbo: A Power Rangers Movie
,Unaccompanied Minors
,
,
Available Until 1/31/2016,
,
,
Always Available,
,
,
Always Available,
,
,
Always Available,
,
,
Available Until 1/31/2016,
,
,
Always Available,
,
Always Available,
,
,
Always Available,
,
,
Always Available,
,
,
Always Available,
,
,
,
Always Available,
,
,
Always Available,
,
,
Always Available,
,
,
Always Available,
,
,
Always Available,
,
,
Always Available,
,
Available Until 12/31/2015,
,
,
Always Available,
,
Always Available,
,
,
Always Available,
,
,
Always Available,
,
,
Always Available,
,
,
Always Available,
,
,
Available Until 1/31/2016,
,
,
Available Until 2/29/2016,
,
,
Always Available,
,
,
,
,
Always Available,
,
,
Always Available,
,
Available Until 5/31/2016,
,
,
Available Until 12/31/2015,
,
,
,
Always Available,
,
,
Available Until 12/31/2015,
,
,
Always Available,
,
Available Until 12/31/2015,
,
,
Always Available,
,
,
Available Until 1/31/2016,
,
,
Available Until 2/29/2016,
,
,
Always Available,
,
,
Always Available,
,
,
,
Always Available,
Always Available,
,
,
Always Available,
,
,
Always Available,
,
,
,
,
Always Available,
,
,
Always Available,
Available Until 1/8/2016,
,
,
Always Available,
,
,
Always Available,
,
,
Always Available,
,
,
Available Until 12/28/2015,
,
,
Always Available,
,
,
Always Available,
,
,
Always Available,
,
,
,
Always Available,
,
,
,
Always Available,
,
,
Always Available,
,
,
Always Available,
,
,
Always Available,
,
,
Available Until 12/31/2015,
,
,
Available Until 1/31/2016,
,
,
Available Until 12/31/2015,
,
,
Available Until 2/29/2016,
,
,
Always Available,
,
,
Always Available,
,
,
Always Available,
,
,
Always Available,
,
,
Available Until 2/29/2016,
,
,
Available Until 2/29/2016,
,
,
Always Available,
,
,
Available Until 12/31/2015,
,
,
Available Until 2/29/2016,
,
,
Always Available,
Always Available,
,
,
Always Available,
,
,
Always Available,
,
,
Always Available,
,
,
Available Until 12/31/2015,
,
,
,
,
Always Available,
,
Always Available,
,
Always Available,
,
,
Available Until 12/31/2015,
,
,
Always Available,
,
,
Always Available,
,
,
Available Until 4/30/2016,
,
,
Available Until 4/30/2016,
,
,
,
Available Until 1/31/2016,
,
,
Available Until 12/31/2015,
,
,
Always Available,
,
,
Always Available,
,
Available Until 4/30/2016,
,
,
Available Until 1/31/2016,
,
,
Always Available,
,
,
Available Until 12/31/2015,
,
,
Available Until 12/31/2015,
,
,
Available Until 12/31/2015,
,
,
Always Available,
,
,
,
,
Available Until 12/31/2015,
,
,
Always Available,
,
,
Available Until 12/24/2015,
,
,
Available Until 12/24/2015,
,
,
Available Until 1/31/2016,
,
,
Always Available,
,
,
Available Until 2/29/2016,
Available Until 12/31/2015,
,
,
Available Until 12/31/2015,
,
,
Always Available,
,
,
,
Available Until 2/29/2016,
,
,
Available Until 12/31/2015,
,
,
Available Until 3/31/2016,
,
Always Available,
,
,
Always Available,
,
,
Always Available,
,
,
,
,
Always Available,
,
,
Always Available,
,
,
Available Until 12/31/2015,
,
Available Until 12/31/2015,
,
,
Available Until 12/31/2015,
,
Available Until 12/31/2015,
,
,
Available Until 3/31/2016,
,
,
Always Available,
,
,
,
Always Available,
,
,
Always Available,
,
,
Available Until 12/26/2015,
,
,
Always Available,
,
,
Always Available,
,
,
Available Until 12/31/2015,
,
,
Always Available,
,
,
Always Available,
,
Always Available,
,
,
,
,
Always Available,
,
,
Available Until 12/31/2015,
,
,
Available Until 1/31/2016,
,
,
Always Available,
Always Available,
,
,
Available Until 2/29/2016,
,
,
Always Available,
,
,
,
,
Always Available,
,
,
Always Available,
,
,
Available Until 2/29/2016,
,
,
Always Available,
,
Available Until 12/19/2015,
,
,
Always Available,
,
,
Always Available,
,
,
Available Until 2/29/2016,
,
,
Always Available,
,
,
Always Available,
,
,
Available Until 1/31/2016,
,
Always Available,
,
,
Always Available,
,
,
,
,
Always Available,
,
,
Available Until 12/31/2015,
,
,
Available Until 12/31/2015,
,
,
Always Available,
,
,
Available Until 12/24/2015,
,
,
Always Available,
Always Available,
,
,
Always Available,
,
,
Always Available,
,
,
Available Until 3/31/2016,
,
,
Available Until 12/31/2015,
,
,
,
Always Available,
,
,
Always Available,
,
,
Always Available,
,
,
,
Always Available,
,
,
Always Available,
,
,
Available Until 2/29/2016,
,
,
Always Available,
,
Always Available,
,
,
Available Until 12/31/2015,
,
,
Always Available,
,
,
Available Until 1/31/2016,
,
,
Available Until 12/31/2015,
,
Always Available,
,
,
Always Available,
,
,
Always Available,
,
,
,
Always Available,
,
,
,
Always Available,
,
,
Always Available,
,
,
Available Until 1/31/2016,
Always Available,
,
,
Available Until 2/29/2016,
,
,
Always Available,
,
,
Always Available,
,
,
,
Always Available,
,
,
Always Available,
,
,
Always Available,
,
Always Available,
,
,
Always Available,
,
,
Always Available,
,
,
Available Until 12/31/2015,
,
,
Available Until 1/31/2016,
,
,
,
Always Available,
,
,
Available Until 2/7/2016,
,
,
Always Available,
,
,
Always Available,
,
,
Always Available,
,
,
Always Available,
,
,
Available Until 12/31/2015,
,
,
Always Available,
211,
 items,
52,
,
Available Until 12/31/2015,
,
,
Available Until 12/19/2015,
,
,
Always Available,
,
,
 items,
48,
 items,
34,
 items,
62,
 items,
53,
 items,
 ,
Always Available,
,
,
Always Available,
,
Twitter,
 ,
Facebook,
 ,
Youtube,
,
Always Available,
,
,
Available Until 12/31/2015,
,
,
Always Available,
,
,
Always Available,
,
,
 ,
Tumblr,
 ,
Instagram,
"©2015 Home Box Office, Inc. All Rights Reserved. This website may contain mature content.",
,
,10 Things I Hate About You
Always Available,
,
,
Always Available,
,
,
Always Available,
,
,
Available Until 12/31/2015,
,
,
Available Until 12/31/2015,
,200 Cartas
,28 Days
,A Little Sex
,The Adventures of Rocky and Bullwinkle
,Agent Cody Banks 2: Destination London
,Alex & Emma
,American Splendor
,Amor En Alquiler (Love for Rent)
,Annie Hall
,
,
Always Available,
,
,
Always Available,
,
,
Available Until 12/31/2015,
,
,
Always Available,
,
,
Always Available,
,
,
,Baby's Day Out
,Bad Words
,Bananas
,Because I Said So
,Bee Movie
Available Until 12/21/2015,
,
,
Available Until 1/31/2016,
,Beer for My Horses
,Beetlejuice
,Best in Show
,
,
Available Until 2/29/2016,
,
,
Always Available,
,Big Fat Liar
,Birdman: Or (The Unexpected Virtue of Ignorance)
,Blades of Glory
,Blazing Saddles
,Blended
,The Book of Life
,Bossa Nova
,Bull Durham
,Burn After Reading
,Career Opportunities
,Carmina O Revienta (Carmina or Blow Up)
,Casino Royale
,Cheech & Chong's Next Movie
,Clear History
,Collision Course
,Confessions of a Teenage Drama Queen
,
,
Always Available,
,Crackers
,Crimes and Misdemeanors
,The Curse of the Jade Scorpion
,Curse of the Pink Panther
,Dear God
,The Devil Wears Prada
,Disney's The Kid
,Dom Hemingway
,Dumb and Dumber To
,El Mar y El (The Sea and Him)
,El misterio de la felicidad (The Mystery of Happiness)
,
,
,Emma
,Evolution
,Focus
Always Available,
,
,
Always Available,
,
,
Always Available,
,
,For Richer or Poorer
,For Your Consideration
,Foul Play
,Four Weddings and a Funeral
,Freddy Got Fingered
,Get Hard
,
Available Until 12/31/2015,
,
,
Always Available,
,
,
Always Available,
,
,
Always Available,
,Ghost Town
,Good Boy!
,Good Burger
,Grind
,HBO First Look: Sisters
,Hannah and Her Sisters
,
,
Available Until 12/31/2015,
,
,
Available Until 2/29/2016,
,
,
Always Available,
,
,
Always Available,
,
,Happy Feet
,The Haunted Mansion
,Head Above Water
,Head Office
,The Heartbreak Kid
,Home Alone 2: Lost in New York
,Horrible Bosses 2
,Hot to Trot
,Howard the Duck
,Inspector Gadget
,Joyful Noise
,
Always Available,
,
,
Available Until 12/31/2015,
,
,Killer Pad
,Kingsman: The Secret Service
,Kissing a Fool
,La Vida Inesperada (The Unexpected Life)
,La gran familia espanola (Family United)
,The Ladies Man
,
Always Available,
,
,
Always Available,
,
,
Always Available,
,Larry Crowne
,The Late Shift
,Legally Blondes
,The Lego Movie
,The Leisure Class
,License to Drive
,
,
Always Available,
,
,
Always Available,
,
,
Always Available,
,
,Like Mike
,Like Mike 2: Streetball
,Little Miss Sunshine
,Los ases del corral (Barnyard Aces)
,The Man
,Manhattan
,Material Girls
,Mom and Dad Save the World
,Monkeybone
,
Always Available,
52,
 items,
48,
 items,
34,
 items,
62,
 items,
53,
 items,
 ,
,Mrs. Doubtfire
,Music and Lyrics
,My Big Fat Greek Wedding
,The Next Best Thing
,Night at the Museum
,Night at the Museum: Secret of the Tomb
,Norbit
,"O Brother, Where Art Thou?"
,Odd Jobs
,"Oh, God!"
Twitter,
 ,
Facebook,
,"Oh, God! Book II"
,"Oh, God! You Devil"
,"Pancho, el perro millonario (Millionaire Dog)"
,The Pentagon Wars
,Picture This
,The Pink Panther
,The Pink Panther Strikes Again
,The Player
,Ponchao
 ,
Youtube,
 ,
Tumblr,
 ,
Instagram,
"©2015 Home Box Office, Inc. All Rights Reserved. This website may contain mature content.",
,
,Pootie Tang
,Por Las Plumas (All About the Feathers)
,Pure Luck
,Quien Mato a Bambi? (Who Killed Bambi?)
,Reno 911!: Miami
,The Return of the Musketeers
,Revenge of the Nerds
,Ride Along
,Rocket Science
,28 Days
,5 Flights Up
,A Civil Action
,"A Cool, Dry Place"
,The Rocky Horror Picture Show
,Rugrats in Paris: The Movie
,Rumor Has It
,Satisfaction
,Say It Isn't So
,Scooby-Doo 2: Monsters Unleashed
,A Good Year
,A Little Princess
,The Secret Life of Walter Mitty
,Shallow Hal
,She's All That
,Short Time
,A Number
,A ritmo de fe (Rhythm of Faith)
,A.I. Artificial Intelligence
,ATL
,Shrek
,Shrek the Third
,The Alamo
,Alice Telefilm Part 1: The First Day of the Rest of My Life
,Alice Telefilm Part 2: The Last Night
,All Access with HBO GO
,All the Right Moves
,Slap Shot 2: Breaking the Ice
,Sleeping with the Fishes
,Snow Day
,Son of the Pink Panther
,American Sniper
,American Splendor
,An Officer and a Gentleman
,And Starring Pancho Villa as Himself
,Soul Plane
,Stop! Or My Mom Will Shoot
,Summer School
,Super Capers
,Superbabies: Baby Geniuses 2
,Switch
,And the Band Played On
,Angel Rodriguez
,As You Like It
,Behind the Candelabra
,Bessie
,Bicentennial Man
,Birdman: Or (The Unexpected Virtue of Ignorance)
,Black Nativity
,Blood Diamond
,Bodyguard: A New Beginning
,This Is Where I Leave You
,Three to Tango
,Throw Momma From the Train
,Tio Papi (Uncle Daddy)
,Toys
,The Boxer
,Brick
,Brokeback Mountain
,Broken Flowers
,The Brothers McMullen
,Bury My Heart at Wounded Knee
,Capturing Mary
,Carmina O Revienta (Carmina or Blow Up)
,Trapped in Paradise
,Trixie
,Center Stage
,Charlie St. Cloud
,Cinema Verite
,The Trouble With Spies
,Citizen X
,Cold Mountain
,Completo
,Conspiracy
,The Constant Gardener
,Crimes and Misdemeanors
,Cry Freedom
,Dawn of the Planet of the Apes
,Two Night Stand
,Unaccompanied Minors
,Unfinished Business
,Volunteers
,Waitress
,The Waterboy
,What We Do in the Shadows
,Wish I Was Here
,Woo
,Death of a President
,The Deep End
,The Departed
,Dirty War
,Working Girl
,Divergent
,Dolphin Tale
,Dolphin Tale 2
,Draft Day
,Dreamgirls
,The Drop
,Einstein and Eddington
,El Mar y El (The Sea and Him)
,El misterio de la felicidad (The Mystery of Happiness)
,"Elizabeth I, Part 1"
,"Elizabeth I, Part 2"
,Ella Enchanted
,Everyone's Hero
,Exodus: Gods and Kings
,Extremely Loud & Incredibly Close
,Far From Heaven
,The Fault in Our Stars
,Fellow Traveller
,The Fever
,Field of Dreams
,Fifty Shades of Grey
,Flicka
,Focus
,Game Change
,The Gathering Storm
,Get On Up
,Gia
,The Girl
,Girlfight
,Gone Girl
,Good Boy!
,The Good Lie
,The Good Son
,Grey Gardens
,Groove
,Gus Van Sant's Last Days
,HBO Access 01: The Walk
,HBO Access 02: Emergency Contact
,HBO Access 03: Progress
,HBO Access 04: The Last Song
,HBO First Look: The Danish Girl
,Hannah and Her Sisters
,Havoc
,Hemingway & Gellhorn
,Her
,The Hitcher
,Honey
,Hoot
,House of Saddam - Part I
,House of Saddam - Part II
,House of Saddam - Part III
,House of Saddam - Part IV
,In Pursuit of Honor
,In the Heat of the Night
,Indictment: The McMartin Trial
,Into the Storm
,J. Edgar
,Joe's Palace
,Joyful Noise
,Juan in a Million
,The Judge
,Kill the Messenger
,La Vida Inesperada (The Unexpected Life)
,La gran familia espanola (Family United)
,La jaula de oro
,La mujer de mi hermano
,The Laramie Project
,The Last King of Scotland
,The Late Shift
,Lean on Me
,Less Than Zero
,Life Is Beautiful
,Life Support
,Living Out Loud
,Lone Survivor
,Longford
,Losing Isaiah
,Lost in Translation
,Lovely & Amazing
,Magnolia
,Mandrake Telefilm: Part 1
,Mandrake Telefilm: Part 2
,Maria y el arana (Maria and the Spiderman)
,Mary and Martha
,Mateo
,Mike Tyson: Undisputed Truth
,Miller's Crossing
,Miss Evers' Boys
,Mrs. Doubtfire
,Muhammad Ali's Greatest Fight
,My Zinc Bed
,Nightingale
,No robaras (Thou Shall Not Steal)
,Normal Adolescent Behavior
,The Normal Heart
,The Notorious Bettie Page
,"O Brother, Where Art Thou?"
,Once
,Path to War
,Pay It Forward
,Peacock
,Pelo malo (Bad Hair)
,Phil Spector
,Pinochet's Last Stand
,Planet of the Apes
,Pollock
,Primo
,Promised Land
,Pu-239
,Real Women Have Curves
,Recount
,Reds
,The Rules of Attraction
,Run All Night
,Satisfaction
,School Ties
,The Secret Life of Walter Mitty
,Something the Lord Made
,Sometimes in April
,Spaceballs
,The Special Relationship
,Staying Alive
,Stuart: A Life Backwards
,The Sunset Limited
,Superman Returns
,Sweet Dreams
,Taking Chance
,Talented Mr. Ripley
,Talk Radio
,Temple Grandin
,The Theory of Everything
,Things We Lost in the Fire
,This Is Where I Leave You
,The Thomas Crown Affair
,Tigerland
,Timecode
,Titanic
,Too Big to Fail
,Transcendence
,"Tsunami, The Aftermath Part 1"
,"Tsunami, The Aftermath Part 2"
,The Tuskegee Airmen
,The Two Jakes
,Tyson
,Unbroken
,Under Suspicion
,The Untouchables
,Vital Signs
,Walkout
,Warm Springs
,We Don't Live Here Anymore
,What to Watch: December 2015
,When Trumpets Fade
,When a Stranger Calls Back
,Wild
,Wish I Was Here
,Wit
,Yesterday
,You Don't Know Jack
